<?xml version="1.0" encoding="UTF-8"?>
<project-private xmlns="http://www.netbeans.org/ns/project-private/1">
    <editor-bookmarks xmlns="http://www.netbeans.org/ns/editor-bookmarks/2" lastBookmarkId="0"/>
    <open-files xmlns="http://www.netbeans.org/ns/projectui-open-files/2">
        <group>
            <file>file:/D:/CrowdBlockchain/web/minerheader.jsp</file>
            <file>file:/D:/CrowdBlockchain/web/Miner.jsp</file>
            <file>file:/D:/CrowdBlockchain/web/index.jsp</file>
            <file>file:/D:/CrowdBlockchain/src/java/register/login.java</file>
            <file>file:/D:/CrowdBlockchain/web/activetask.jsp</file>
            <file>file:/D:/CrowdBlockchain/web/footerworker.jsp</file>
        </group>
    </open-files>
</project-private>
